,timestamp,val0,label
0,9977,0.2889691318648789,True
1,9978,0.6919570117487831,True
2,9979,1.1248001521246518,True
3,9980,1.2717235648138818,True
4,9981,1.30581425134705,True
5,9982,1.381296076279185,True
6,9983,1.521218344160184,True
7,9984,1.3364351938373416,True
8,9985,1.2080014429899388,True
9,9986,0.8495833613553454,True
10,9987,0.5871309617979048,True
11,9988,0.3099246154666076,True
12,9989,-0.2380772820836272,True
13,9990,-0.5265678756051568,True
14,9991,-0.73728847841605,True
15,9992,-1.159764657416657,True
16,9993,-1.4177138855367708,False
17,9994,-1.5032514292807782,False
18,9995,-1.539882485792465,False
19,9996,-2.910032357807615,False
20,9997,-1.2298092263843563,True
21,9998,-1.1028814450874584,False
22,9999,-0.7273327281266688,False
23,10000,-0.4808750726980298,False
24,10001,-3.116197325093649,True
25,10002,2.0246273757029027,True
26,10003,0.6962076263862802,True
27,10004,0.964529150690341,True
28,10005,1.246910152067164,True
29,10006,1.4392863415289912,True
30,10007,1.5475618250247092,True
31,10008,1.4488907556944952,True
32,10009,1.3343431426818029,True
33,10010,1.1951347640400354,True
34,10011,0.8378638591501402,True
35,10012,0.5351054086377678,True
36,10013,-2.00452425529544,True
37,10014,-0.2480274546823378,True
38,10015,-0.4749629660236918,True
39,10016,-0.9311570392144164,True
40,10017,-1.1592301950320916,False
41,10018,-1.3413770266366891,False
42,10019,-1.5205394642943402,False
43,10020,-1.4511920212634395,False
44,10021,-1.3914723211642954,False
45,10022,-1.20689344882183,False
46,10023,-0.9915472053261014,False
47,10024,-0.6555710965424224,False
48,10025,-0.2590411674588325,True
49,10026,-0.1343093839289947,True
50,10027,0.4546417648196702,True
51,10028,0.8363939849579713,True
52,10029,1.038062111065366,True
53,10030,-2.717043504429288,True
54,10031,1.3977609920707768,True
55,10032,1.580379314628987,True
56,10033,1.411057075277342,True
57,10034,1.3233099088924785,True
58,10035,2.7265498803601904,True
59,10036,0.8960674457580073,True
60,10037,-2.049415352519101,True
61,10038,0.0577736114000755,True
62,10039,-0.2818848969024221,True
63,10040,1.7357736059721878,True
64,10041,-0.94969706847983,True
65,10042,-1.096373360181118,False
66,10043,-1.45454572004925,False
67,10044,-1.454490053927775,False
68,10045,-1.577081035936322,False
69,10046,-1.4715606019380396,False
70,10047,-1.361843944090757,False
71,10048,-1.0994808912788163,False
72,10049,-0.768554979841254,False
73,10050,-0.2621404942938695,False
74,10051,0.021396399140142,True
75,10052,1.8894738868670016,True
76,10053,0.643096607211291,True
77,10054,1.0118234832702266,True
78,10055,1.24841478571772,True
79,10056,1.455583088075974,True
80,10057,1.5625927380207305,True
81,10058,1.4476068030843414,True
82,10059,1.2712228122553426,True
83,10060,1.0737777799076966,True
84,10061,0.8976340287167065,True
85,10062,0.6275255173359102,True
86,10063,0.1203805004580824,True
87,10064,-0.2319382926138867,True
88,10065,-0.53030324518503,True
89,10066,-0.8618947718132459,True
90,10067,-1.22395511141908,True
91,10068,-1.2701679005665203,False
92,10069,-2.88521019389934,False
93,10070,-1.353286382747703,True
94,10071,-1.4612856020450422,False
95,10072,-1.267890084753824,False
96,10073,-1.1439325714050008,False
97,10074,-0.7135368668540465,False
98,10075,-2.0301341539028783,True
99,10076,-0.0033643653247006,True
100,10077,0.4102464148199939,True
101,10078,0.717320118158951,True
102,10079,1.1067001553243967,True
103,10080,-3.007003193244019,True
104,10081,1.3646497724047262,True
105,10082,1.4581887894714956,True
106,10083,1.4372917643368437,True
107,10084,1.3414813168458148,True
108,10085,1.334590472518108,True
109,10086,0.9275444180408474,True
110,10087,0.5016808055897983,True
111,10088,0.1636207356498986,True
112,10089,-0.1316106430037236,True
113,10090,-0.5628497990013301,True
114,10091,-0.9897488578042288,True
115,10092,-1.018879966819167,False
116,10093,-1.324458075038322,False
117,10094,-1.5130308399605856,False
118,10095,-1.5370354864457731,False
119,10096,-1.4564723096108252,False
120,10097,-1.239144496369609,False
121,10098,-1.0386084286094213,False
122,10099,-0.6822317002551624,False
123,10100,-0.2998624938053424,True
124,10101,-0.1095791908288366,True
125,10102,0.4836432258784032,True
126,10103,-2.69041818940105,True
127,10104,1.0817668880596831,True
128,10105,1.3298074865910812,True
129,10106,1.4949808717189677,True
130,10107,1.6077471840284725,True
131,10108,2.8505225994929715,True
132,10109,1.2850691437162487,True
133,10110,1.031290554808344,True
134,10111,0.9978926261376247,True
135,10112,0.5339111585217118,True
136,10113,0.2609927224542607,True
137,10114,-0.1693803802939016,True
138,10115,-0.6129173679629298,True
139,10116,-0.898971606729348,True
140,10117,-1.150474034605372,True
141,10118,-1.361638800372816,False
142,10119,-1.4646495056023827,False
143,10120,-1.4378089062148036,False
144,10121,-1.406543237928264,False
145,10122,-1.2238260293846503,False
146,10123,-0.9735004906432796,False
147,10124,-0.6462355579409854,False
148,10125,-0.2529552170805077,True
149,10126,-0.0978598611272901,True
150,10127,0.3756464726549707,True
151,10128,0.780451480803855,True
152,10129,0.9857424375098148,True
153,10130,1.1978747309041575,True
154,10131,1.4417849612062534,True
155,10132,1.596536670075036,True
156,10133,1.6122305616721992,True
157,10134,1.1877417978585352,True
158,10135,1.0636243630362512,True
159,10136,0.8401735341286605,True
160,10137,0.6005511902112373,True
161,10138,0.1848799646713468,True
162,10139,-0.2054035630621424,True
163,10140,-0.5468516123818147,True
164,10141,-0.8805326951905136,True
165,10142,-2.600397806203283,True
166,10143,-1.3549701277577535,True
167,10144,-1.3652118819039565,False
168,10145,-1.6018889915190246,False
169,10146,-1.3717454054896487,False
170,10147,-1.2874876975767782,False
171,10148,-1.0290878446771732,False
172,10149,-0.6093730812921834,False
173,10150,-0.4768251098282884,True
174,10151,0.0646134728560247,True
175,10152,0.2852580156311316,True
176,10153,0.8727093089021932,True
177,10154,1.002859716651071,True
178,10155,-2.5820056450520754,True
179,10156,1.5175498261276392,True
180,10157,1.5099491196911363,True
181,10158,1.4795973990328384,True
182,10159,1.2502284673967718,True
183,10160,1.3098515083921618,True
184,10161,0.8959223707700813,True
185,10162,0.5417978262352564,True
186,10163,0.234510567748311,True
187,10164,-0.0636399730987898,True
188,10165,-0.5661713334304457,True
189,10166,-0.8127363710836876,True
190,10167,-1.1555903698379058,True
191,10168,-1.2927879229103398,False
192,10169,-3.043650772238845,False
193,10170,-1.3870955833196146,True
194,10171,-1.3912986680151125,False
195,10172,-1.212572970834041,False
196,10173,-0.9278671470049809,False
197,10174,2.7548500251182126,False
198,10175,-0.3164720848491238,True
199,10176,-2.9302919996381385,True
200,10177,0.2602493996881216,True
201,10178,0.8089442895838923,True
202,10179,0.9961812368556672,True
203,10180,1.1131076345188,True
204,10181,-1.7518453929719398,True
205,10182,1.5976856066737506,True
206,10183,1.5527103395907522,True
207,10184,1.253162869669279,True
208,10185,1.174714379117023,True
209,10186,0.9641221575601202,True
210,10187,0.6081502282969045,True
211,10188,0.2159291058258809,True
212,10189,-0.3273120642787736,True
213,10190,-0.489639857641026,True
214,10191,-0.8848475707381571,True
215,10192,-1.044297560533423,True
216,10193,-1.3327901372257334,False
217,10194,-2.865022839077131,False
218,10195,-1.4425254796372051,True
219,10196,-1.5095601050189689,False
220,10197,-1.1547002554253785,False
221,10198,-1.017544836933972,False
222,10199,-0.8562736149112944,False
223,10200,-0.3403154012374366,False
224,10201,-0.0356148429080321,True
225,10202,-2.1522091279295554,True
226,10203,0.7785967326990484,True
227,10204,1.0048591342819624,True
228,10205,1.3053185666783156,True
229,10206,-2.584696931185165,True
230,10207,1.6012206815146277,True
231,10208,1.5220265957562131,True
232,10209,1.2959285234385132,True
233,10210,1.099486076309555,True
234,10211,0.7434597583316263,True
235,10212,0.4718372050653955,True
236,10213,0.2902103668293678,True
237,10214,-0.2446655219997847,True
238,10215,-0.528545228612501,True
239,10216,-0.7321022058778726,True
240,10217,-1.2362496823796878,True
241,10218,-1.3919842001597338,False
242,10219,-1.373222995750394,False
243,10220,-1.5161315084507816,False
244,10221,-1.3669814084245415,False
245,10222,-1.288490834769691,False
246,10223,-1.066867488361054,False
247,10224,-0.8028081122085708,False
248,10225,-0.3299397993256539,False
249,10226,-0.0787182478147989,True
250,10227,0.3711550227117621,True
251,10228,0.7278361038907661,True
252,10229,1.0300311513549123,True
253,10230,1.223930821241166,True
254,10231,1.41982889606484,True
255,10232,-3.005766308692196,True
256,10233,-2.778608625824672,True
257,10234,1.2892744527947102,True
258,10235,1.043968791312372,True
259,10236,0.8716868882698228,True
260,10237,0.5266371599936789,True
261,10238,0.2133417291536034,True
262,10239,-0.1286822975923525,True
263,10240,-0.5729421255875082,True
264,10241,2.014054628584961,True
265,10242,-1.1233933077340452,True
266,10243,-1.382023035606525,False
267,10244,-1.3397496257471804,False
268,10245,-1.505650161328476,False
269,10246,-1.5594390973640884,False
270,10247,-1.2012831641616355,False
271,10248,-0.991831530101718,False
272,10249,-0.6510495809584932,False
273,10250,2.737704483609801,True
274,10251,0.0598522984887473,True
275,10252,0.2332826290467064,True
276,10253,0.7695049258834905,True
277,10254,1.0507757832290778,True
278,10255,1.359449779681596,True
279,10256,1.2553573682818937,True
280,10257,1.477010643688787,True
281,10258,1.518196805990446,True
282,10259,1.3121340519338276,True
283,10260,1.2764510486736436,True
284,10261,0.8616818739976091,True
285,10262,0.4808267970648511,True
286,10263,0.16084421651935,True
287,10264,-0.227821181563245,True
288,10265,-0.7239999740995995,True
289,10266,-0.96574564814427,True
290,10267,-1.2485803338988912,False
291,10268,-1.3452272806009695,False
292,10269,-1.3377549799952972,False
293,10270,-1.5603399953567916,False
294,10271,-1.4567462055451823,False
295,10272,-1.2739828651013674,False
296,10273,-0.9548868447293192,False
297,10274,-0.7581557104504402,False
298,10275,-0.247247644429671,False
299,10276,-0.100096690574156,True
300,10277,0.3829788750019404,True
301,10278,-2.827095348517738,True
302,10279,0.962018246905698,True
303,10280,1.280335915714724,True
304,10281,1.5098470942592392,True
305,10282,1.4564582133692203,True
306,10283,1.4840770618160524,True
307,10284,1.3923430375761114,True
308,10285,1.1848307754193523,True
309,10286,0.8823510905269136,True
310,10287,0.5551717732196687,True
311,10288,0.2020985043772498,True
312,10289,-0.2162247469053927,True
313,10290,-0.6156194917540097,True
314,10291,-0.859886679009237,True
315,10292,-1.1140931111913752,True
316,10293,-1.3726865728599256,False
317,10294,-1.5218528571718823,False
318,10295,-1.3820467034471506,False
319,10296,-1.423750464741084,False
320,10297,-1.2563073484938423,False
321,10298,-0.9783844116793352,False
322,10299,-0.7673068640365492,False
323,10300,-0.5499034738781944,False
324,10301,0.0108056601858887,True
325,10302,0.4859826855076542,True
326,10303,0.713323492568464,True
327,10304,0.928473597479341,True
328,10305,1.2068260876668426,True
329,10306,1.3314812808667842,True
330,10307,1.4895153522835225,True
331,10308,1.4899832319802946,True
332,10309,1.381050987325553,True
333,10310,1.2629027042141348,True
334,10311,1.0385644892373351,True
335,10312,0.4883370925744529,True
336,10313,0.248501244928471,True
337,10314,-0.2687086264970263,True
338,10315,-0.6001596548769196,True
339,10316,-0.7871608344643297,True
340,10317,-0.9872336251675656,True
341,10318,-1.3939845901124044,False
342,10319,-1.4938291047131247,False
343,10320,-1.4622329765805135,False
344,10321,-1.410867346939935,False
345,10322,-1.233226885456312,False
346,10323,-1.111871328208638,False
347,10324,-0.7432469019055412,False
348,10325,-0.2967086578284636,False
349,10326,-0.0388796990417173,True
350,10327,0.291816409848757,True
351,10328,0.7918540087651859,True
352,10329,1.1381572740318435,True
353,10330,1.1028754187772003,True
354,10331,1.3614286002805065,True
355,10332,1.567276409063497,True
356,10333,1.4104782282008974,True
357,10334,1.3765476072965106,True
358,10335,1.1778699507410049,True
359,10336,0.9049749863051644,True
360,10337,2.1201194148654303,True
361,10338,0.1681725533138983,True
362,10339,2.572923754976541,True
363,10340,-0.6242243692898041,True
364,10341,-0.8058276102407698,True
365,10342,-0.9458584086597842,True
366,10343,-1.288520150104679,False
367,10344,-1.341276304568218,False
368,10345,-1.4613377252426396,False
369,10346,-1.550159515011909,False
370,10347,-2.745824185756584,False
371,10348,-1.012977411282282,True
372,10349,-0.5965460043575427,False
373,10350,-0.3344597980556034,True
374,10351,0.0470052280793468,True
375,10352,0.3761979675383989,True
376,10353,0.7251580489461041,True
377,10354,1.077694747106666,True
378,10355,1.2910378292000018,True
379,10356,1.3549957041401608,True
380,10357,1.5612445259272552,True
381,10358,1.4485295359947432,True
382,10359,1.4240119198149,True
383,10360,1.1237127615135527,True
384,10361,0.7785280999074162,True
385,10362,0.618973971516993,True
386,10363,0.0614172476625084,True
387,10364,-1.7856621669466832,True
388,10365,-0.6230148776212079,True
389,10366,-0.9947329273824864,True
390,10367,-1.1127457446005249,False
391,10368,-1.353528240395676,False
392,10369,-1.5381260683544422,False
393,10370,-1.437622902253444,False
394,10371,-1.6727406841660408,False
395,10372,-1.316594969992221,True
396,10373,-1.0862464297327843,False
397,10374,-0.7174974616584278,False
398,10375,-0.4296037661084165,False
399,10376,0.0583450296007769,True
400,10377,0.4005541590173256,True
401,10378,0.6997591863237439,True
402,10379,1.0911640620739536,True
403,10380,2.8775786294341152,True
404,10381,1.3977648843794714,True
405,10382,1.5093342178454148,True
406,10383,1.454909190829501,True
407,10384,1.5100522304693191,True
408,10385,2.6314621689319138,True
409,10386,0.9796627756698248,True
410,10387,0.5581976837031911,True
411,10388,0.1365064223642419,True
412,10389,-0.1799457460923504,True
413,10390,-0.6364156827964835,True
414,10391,-2.4630855774336604,True
415,10392,-1.2262067060520498,True
416,10393,-1.3837957105311276,False
417,10394,-1.4406231090715007,False
418,10395,-1.471000044836845,False
419,10396,-1.45993876956282,False
420,10397,-1.2473069807255124,False
421,10398,-0.933016903067422,False
422,10399,-0.7070436591011547,False
423,10400,2.961429928133379,False
424,10401,3.0651891639617506,True
425,10402,0.4456831482670772,True
426,10403,0.6540428231320873,True
427,10404,1.0023001211907383,True
428,10405,1.3002852763084944,True
429,10406,1.5079931545098115,True
430,10407,1.5891329697863763,True
431,10408,1.4493564522272255,True
432,10409,1.3944938480552491,True
433,10410,1.1047581868116747,True
434,10411,1.0182922707496058,True
435,10412,0.5771680767252148,True
436,10413,0.1529314758158431,True
437,10414,-0.3175442974599413,True
438,10415,-0.4695100137921308,True
439,10416,-2.441201305818252,True
440,10417,-1.2641783179613828,True
441,10418,-1.328455011951577,False
442,10419,-1.493990740998652,False
443,10420,1.9853080441729969,False
444,10421,-1.467001097596076,True
445,10422,-1.4586448249743245,False
446,10423,-0.9556399743956052,False
447,10424,2.1164914185906656,False
448,10425,-0.4063845172291005,False
449,10426,-0.018665057857101,True
450,10427,0.2324763821522032,True
451,10428,0.6572270399014227,True
452,10429,0.966963707014393,True
453,10430,1.2913071771985611,True
454,10431,1.3488887996825512,True
455,10432,1.623734261125759,True
456,10433,1.4484741334178255,True
457,10434,1.3493291691058662,True
458,10435,-1.7350402933471252,True
459,10436,0.7386540555384697,True
460,10437,0.6045038167208443,True
461,10438,0.1973951319613879,True
462,10439,-0.1328519765940726,True
463,10440,-0.4432665977712225,True
464,10441,-0.9705284517962572,True
465,10442,-1.1256022797903922,False
466,10443,3.0545266761676317,False
467,10444,-1.4387390616701947,True
468,10445,-1.503171924631033,False
469,10446,-1.4389032323556876,False
470,10447,-1.3487887120533155,False
471,10448,-1.0453320441606884,False
472,10449,-0.6794350384189158,False
473,10450,-0.3424709688353025,True
474,10451,0.0999082992616501,True
475,10452,1.9940937541312356,True
476,10453,0.7952483141417912,True
477,10454,1.1047317140772213,True
478,10455,1.2643890797335973,True
479,10456,1.4257529629195238,True
480,10457,1.433073246611866,True
481,10458,1.4496886681328172,True
482,10459,1.2350590602500509,True
483,10460,-2.076258730475395,True
484,10461,0.8935721895836775,True
485,10462,0.4453934893800401,True
486,10463,0.4133472598228664,True
487,10464,-0.2087709891251415,True
488,10465,-0.6099269639020977,True
489,10466,-0.8527751399182055,True
490,10467,-1.100787179629494,True
491,10468,-1.3234543667315863,False
492,10469,-1.6321641281179118,False
493,10470,-1.4372163229755877,True
494,10471,-1.5994216097477367,False
495,10472,-1.108841293937593,False
496,10473,-0.9946534101065094,False
497,10474,-0.6322254323802177,False
498,10475,-0.34003220475262,True
499,10476,0.1881780071114557,True
500,10477,0.3769827406049809,True
501,10478,0.7004901552186413,True
502,10479,1.118067506037372,True
503,10480,1.23182774600464,True
504,10481,1.5491129571401527,True
505,10482,1.566285659097731,True
506,10483,1.5162833015205115,True
507,10484,1.3479396781405002,True
508,10485,1.1304021766621677,True
509,10486,0.7966278327641153,True
510,10487,0.5443668208234121,True
511,10488,0.2210651651397552,True
512,10489,-0.192356451947018,True
513,10490,-0.4626707138817012,True
514,10491,-0.9602420568752456,True
515,10492,-1.0851246113781985,False
516,10493,-1.372716735072698,False
517,10494,-1.4204000045273395,False
518,10495,-1.5449437392976928,False
519,10496,-1.2796676809466367,False
520,10497,-1.3407831406529307,False
521,10498,-0.9194416744036336,False
522,10499,-0.7024164848030908,False
523,10500,-0.2742746779690502,True
524,10501,-0.0469003365591767,True
525,10502,0.1581872842437148,True
526,10503,0.7772020454803957,True
527,10504,1.0003583280870592,True
528,10505,1.2608275165114669,True
529,10506,1.5932279747880165,True
530,10507,1.491783039616802,True
531,10508,1.5429812877572846,True
532,10509,1.3623697334302438,True
533,10510,1.3028192596604786,True
534,10511,0.7480366444359515,True
535,10512,0.5834558432136852,True
536,10513,0.1817806643804881,True
537,10514,-0.1826311806747347,True
538,10515,-0.6562875104900507,True
539,10516,-0.9431392550096612,True
540,10517,-1.2003965955984175,False
541,10518,-1.3082039492406097,False
542,10519,-1.4056251455012254,False
543,10520,-1.4762580775619174,False
544,10521,-2.867957828166936,False
545,10522,-1.3378258907059393,True
546,10523,-0.9385680089212534,False
547,10524,-0.8195304310750409,False
548,10525,-0.2831407043213044,False
549,10526,0.0941491474917395,True
550,10527,0.4145947074067281,True
551,10528,0.6977832696707821,True
552,10529,0.9516861956596572,True
553,10530,1.300243630897163,True
554,10531,2.955271113113111,True
555,10532,1.476191037858667,True
556,10533,1.4817346124565736,True
557,10534,1.170967365631134,True
558,10535,1.2917402988147335,True
559,10536,0.8527980152411284,True
560,10537,0.479123781055696,True
561,10538,0.1971145484572138,True
562,10539,-0.13093136218631,True
563,10540,-0.5722128584643021,True
564,10541,-0.9758730509306232,True
565,10542,-1.0218364478357869,False
566,10543,-1.4437165890877302,False
567,10544,-1.377338255049541,False
568,10545,-1.4279181895056696,False
569,10546,-1.4476995417471483,False
570,10547,-1.3768218065076068,False
571,10548,-1.0761467837442074,False
572,10549,-0.7466179356965825,False
573,10550,-0.3032320456906147,False
574,10551,1.7351959291880327e-05,True
575,10552,0.2369303457133375,True
576,10553,0.7326070383993655,True
577,10554,1.1189936570068957,True
578,10555,1.2428458364463215,True
579,10556,-2.254949979435571,True
580,10557,1.437029449007729,True
581,10558,1.4308074732228095,True
582,10559,-2.2646124426828886,True
583,10560,1.1840350333616405,True
584,10561,1.031944942215563,True
585,10562,0.5663799669018603,True
586,10563,0.2585136891462056,True
587,10564,-0.3156111367633872,True
588,10565,-0.4439961896087095,True
589,10566,-2.641928437920287,True
590,10567,-1.1265036396263537,True
591,10568,-1.3545896693811124,False
592,10569,-1.6040626110435816,False
593,10570,-1.561400918731206,True
594,10571,-1.38466891619753,False
595,10572,-1.298717019089821,False
596,10573,-1.0293273925706274,False
597,10574,-0.6740026152895151,False
598,10575,-0.4089378835558834,True
599,10576,0.0141150272632898,True
600,10577,0.3619518046653218,True
601,10578,0.6710906668541372,True
602,10579,1.0241126974130257,True
603,10580,1.392324583725235,True
604,10581,1.3765557367727572,True
605,10582,1.509916316674681,True
606,10583,1.4680922442439952,True
607,10584,1.3067466144914206,True
608,10585,-2.051284554078665,True
609,10586,0.7569016234018353,True
610,10587,0.673997047780484,True
611,10588,-3.0500732274895155,True
612,10589,-1.8289601024422173,True
613,10590,-0.5975546752146651,True
614,10591,-0.8908078101828585,True
615,10592,-1.1755206299419427,False
616,10593,-1.4400737439367794,False
617,10594,-1.5245869886028365,False
618,10595,-1.5698188369834187,False
619,10596,-1.474949470434457,False
620,10597,-1.375031274242703,False
621,10598,-1.0663448316545674,False
622,10599,-0.6310863466508652,False
623,10600,-0.4185560198721796,True
624,10601,-0.0301972379572145,True
625,10602,0.3894083863907814,True
626,10603,0.5892635818998818,True
627,10604,1.035423378981084,True
628,10605,1.3077110871018596,True
629,10606,1.371788327385925,True
630,10607,1.5318360096382015,True
631,10608,1.4177238822802627,True
632,10609,1.3766317847436915,True
633,10610,1.1039721311584976,True
634,10611,0.803406825367899,True
635,10612,0.6587573547502219,True
636,10613,0.1107577285857104,True
637,10614,-1.9020401516847727,True
638,10615,-0.6009294317568603,True
639,10616,-0.8502644361475042,True
640,10617,-1.2975473875188783,True
641,10618,-1.3685039814697588,False
642,10619,-1.5591126394586663,False
643,10620,-1.4913174831670308,False
644,10621,-2.890966631979256,False
645,10622,-1.2634298238687705,True
646,10623,-2.5101373518381678,False
647,10624,-0.7271459730533736,True
648,10625,2.0019330492166416,False
649,10626,-0.0286968625424974,True
650,10627,0.4027981341123826,True
651,10628,0.7476949329062816,True
652,10629,1.1300819484536824,True
653,10630,1.3659142971469331,True
654,10631,1.4392497386819345,True
655,10632,1.4158435735437285,True
656,10633,1.3528740275150235,True
657,10634,1.324302557069073,True
658,10635,1.124632418742599,True
659,10636,0.992950818023738,True
660,10637,0.3996428901383515,True
661,10638,0.0340373311201994,True
662,10639,-0.2009836971726326,True
663,10640,-0.4481637291356254,True
664,10641,-0.916590033812547,True
665,10642,-1.097773118467129,False
666,10643,-1.4301729007650117,False
667,10644,2.4186162554257837,False
668,10645,-1.4949244466096652,True
669,10646,-1.5175285119641957,False
670,10647,-0.9994459396773392,False
671,10648,-1.0309100332927166,False
672,10649,-0.8553996998992139,False
673,10650,-0.2934308962320703,False
674,10651,0.0865590442696758,True
675,10652,0.3213987881308283,True
676,10653,0.7344256691411474,True
677,10654,-2.6374001959070634,True
678,10655,1.272367464379975,True
679,10656,1.358933197088432,True
680,10657,1.4968017457630207,True
681,10658,1.5341838888629349,True
682,10659,1.3707742489564096,True
683,10660,1.2894349727218697,True
684,10661,0.8143375494213039,True
685,10662,-2.7565892651302164,True
686,10663,0.2525187476733207,True
687,10664,-0.2693995732614072,True
688,10665,-0.5001069924308873,True
689,10666,-0.9522848278397708,True
690,10667,1.770904109235654,False
691,10668,-1.4861660857387404,True
692,10669,-1.3317219564530831,False
693,10670,-1.6642010802544904,False
694,10671,-1.429541940674816,True
695,10672,-1.3782261284174222,False
696,10673,-1.013284744289652,False
697,10674,-0.6890511489560375,False
698,10675,-2.081993715636009,True
699,10676,0.0324424242654005,True
700,10677,0.4746950527457829,True
701,10678,0.667874294945672,True
702,10679,1.0691679078889091,True
703,10680,2.893424017219206,True
704,10681,1.5535600255710436,True
705,10682,1.482501324840816,True
706,10683,-2.570969353713004,True
707,10684,1.4360849117042631,True
708,10685,1.239542133435383,True
709,10686,0.826922133737881,True
710,10687,-2.179540954301204,True
711,10688,-2.0599785313299783,True
712,10689,-0.1875640515701771,True
713,10690,-2.1111963032607357,True
714,10691,-0.8399825546456521,True
715,10692,-2.785457856740883,False
716,10693,-1.2777737476205893,True
717,10694,-1.5047163418649354,False
718,10695,-1.537234544522848,False
719,10696,-1.3302652085505404,False
720,10697,-1.1659807773504718,False
721,10698,-2.582566663356602,False
722,10699,-0.7251056733925304,True
723,10700,-0.3286993624970702,False
724,10701,-0.0264153251682316,True
725,10702,0.3854639299329258,True
726,10703,0.8321977637384834,True
727,10704,1.01324051285171,True
728,10705,1.3344596505543578,True
729,10706,1.426992495288217,True
730,10707,1.4431227173355037,True
731,10708,1.5598520816752837,True
732,10709,1.42439102959007,True
733,10710,1.1966177081538758,True
734,10711,0.8172739866241807,True
735,10712,0.5570981327811005,True
736,10713,0.2230077408328863,True
737,10714,-0.3784665391768201,True
738,10715,-0.4828839480088219,True
739,10716,-0.946811192442419,True
740,10717,-1.1603953898016652,False
741,10718,-1.4238967826999605,False
742,10719,-1.4775261933075527,False
743,10720,-1.5135074300819245,False
744,10721,-1.5711405037075372,False
745,10722,-1.2121139570224586,False
746,10723,-0.9207709070076155,False
747,10724,-0.7043574243426264,False
748,10725,-0.3693500898497701,True
749,10726,-0.030567851957431,True
750,10727,0.3895126411553167,True
751,10728,0.6798115206234592,True
752,10729,1.0339948886774095,True
753,10730,1.3480304359043038,True
754,10731,1.39975697707338,True
755,10732,1.4695207511566382,True
756,10733,1.4745678842310022,True
757,10734,1.3539643279285003,True
758,10735,1.265641298857205,True
759,10736,0.9463040473714616,True
760,10737,0.6621455479986792,True
761,10738,-2.4063313542835694,True
762,10739,-0.2997742661126925,True
763,10740,-0.5136098571674328,True
764,10741,-0.939675562000316,True
765,10742,-1.1492031840952517,False
766,10743,-1.51915246431246,False
767,10744,-1.46932247099581,False
768,10745,-1.4006106375964544,False
769,10746,-1.470708478773248,False
770,10747,-1.2649118178791063,False
771,10748,-0.970852279502294,False
772,10749,-2.364654195963683,False
773,10750,-0.5300122240810902,True
774,10751,-0.0011755566552038,True
775,10752,0.3197001655672965,True
776,10753,0.6991085178217228,True
777,10754,1.061151052169195,True
778,10755,1.3274861180069926,True
779,10756,1.3994695727419175,True
780,10757,1.5865785755104085,True
781,10758,1.4608150448786277,True
782,10759,1.3659513951380875,True
783,10760,1.035975917638042,True
784,10761,0.8975831527318174,True
785,10762,0.3422504553972124,True
786,10763,0.1897998088742113,True
787,10764,-0.272330869201663,True
788,10765,-0.4017893304448316,True
789,10766,-0.8868094744328563,True
790,10767,-1.0979212747050902,True
791,10768,-1.4270586316458862,False
792,10769,-1.3850624138050285,False
793,10770,-1.5300836648464655,False
794,10771,-1.5619884764352534,False
795,10772,-1.2806925906008573,False
796,10773,-0.9672831685934372,False
797,10774,-0.8516218148188277,False
798,10775,-0.3942465478789282,False
799,10776,-0.0199412440468895,True
800,10777,0.3027930950321057,True
801,10778,0.8042972192285431,True
802,10779,0.9061278335484172,True
803,10780,1.2827741848941665,True
804,10781,1.616866470501639,True
805,10782,1.5830714353459512,True
806,10783,1.438169427083979,True
807,10784,1.288547108231378,True
808,10785,1.239357596412202,True
809,10786,0.7366394481042241,True
810,10787,0.6180862161746812,True
811,10788,0.1695572940048474,True
812,10789,-0.3504917756224665,True
813,10790,-0.5306194283110514,True
814,10791,-0.9231436521080868,True
815,10792,-1.1379717479721294,False
816,10793,-1.2578001594545811,False
817,10794,2.571517398438969,False
818,10795,-1.4192015863812273,True
819,10796,-1.4187769447731569,False
820,10797,-1.3406643115319916,False
821,10798,-1.1526430638298917,False
822,10799,-0.7227337146275928,False
823,10800,-0.3140851488198206,False
824,10801,0.0867126797967364,True
825,10802,0.3222775830980128,True
826,10803,0.7204546542384374,True
827,10804,-1.7480318347246622,True
828,10805,1.1836356891677309,True
829,10806,1.4327219933184048,True
830,10807,1.561482836416943,True
831,10808,1.4555466888930595,True
832,10809,1.4549836728273875,True
833,10810,1.237891522320989,True
834,10811,0.8648076867354345,True
835,10812,0.5275210487548062,True
836,10813,0.0895507954378668,True
837,10814,-0.2401543768860008,True
838,10815,-0.5017635194896192,True
839,10816,1.965238459263228,True
840,10817,-1.1409767813036158,True
841,10818,-1.353667578329976,False
842,10819,3.036603728236141,False
843,10820,-1.5507134777482023,True
844,10821,-1.3832002113070103,True
845,10822,-1.2980456942586684,False
846,10823,-1.105681995774701,False
847,10824,-0.8419092006231512,False
848,10825,-0.3401524933968987,False
849,10826,-0.1411829884280925,True
850,10827,0.2820122345508065,True
851,10828,2.226128821613649,True
852,10829,1.0811298875082995,False
853,10830,1.1717385237073157,True
854,10831,1.44634368899785,True
855,10832,1.460302037951705,True
856,10833,2.948924088216783,True
857,10834,1.3245895914845385,True
858,10835,1.1801398247904389,True
859,10836,0.9122811203385324,True
860,10837,0.4466403096841825,True
861,10838,0.2730754264237853,True
862,10839,-0.1320183661539371,True
863,10840,-0.4421680121237182,True
864,10841,-2.3990041925655925,True
865,10842,-1.1965674580279897,True
866,10843,-1.2217968707957532,False
867,10844,-1.4588794673036292,False
868,10845,-1.563052441112387,False
869,10846,-1.2795279655713865,False
870,10847,-2.8114214133897626,False
871,10848,-1.2114936068239868,True
872,10849,-0.575932378096245,False
873,10850,-0.4021642510397749,True
874,10851,-0.0763652505415045,True
875,10852,0.3575216813817906,True
876,10853,0.7516593438787346,True
877,10854,1.0831267928153128,True
878,10855,1.3684520553198911,True
879,10856,1.4728927222690569,True
880,10857,1.5071144723991083,True
881,10858,1.4219590003950535,True
882,10859,1.2920991428460975,True
883,10860,1.1790233833657924,True
884,10861,0.8504686778362759,True
885,10862,-2.057214988150857,True
886,10863,0.2262283947044462,True
887,10864,-0.2448321848829995,True
888,10865,-0.4845078277938362,True
889,10866,-0.9300188598234655,True
890,10867,-2.781031473742212,False
891,10868,-1.419000468478178,True
892,10869,-1.5021558206808034,False
893,10870,-3.0907206733305936,False
894,10871,-1.2975236999549442,True
895,10872,2.3558288925956226,False
896,10873,-1.0546271677528467,True
897,10874,-0.6249911368795601,False
898,10875,-0.2821935833818266,True
899,10876,0.029485211291351,True
900,10877,0.3491930066783945,True
901,10878,0.6790924779540509,True
902,10879,0.9450703239260853,True
903,10880,-1.7771539891449122,True
904,10881,2.88771365510082,True
905,10882,1.4727050713496364,True
906,10883,1.5410551888570447,True
907,10884,1.2579275337514588,True
908,10885,1.253713692087266,True
909,10886,0.8580634707784294,True
910,10887,0.5480976286517301,True
911,10888,0.1965802595630881,True
912,10889,-0.1133438879508034,True
913,10890,-0.5139063284207306,True
914,10891,-0.9703046393405212,True
915,10892,-1.0732192053661929,False
916,10893,-1.3786982912559604,False
917,10894,2.8780623341422134,False
918,10895,-1.5736067996436047,True
919,10896,-1.3821699437233597,True
920,10897,-1.3307117493902845,False
921,10898,-1.106011360184528,False
922,10899,-0.8305646007949958,False
923,10900,-0.4185424855505042,False
924,10901,-1.8209947331506384,True
925,10902,0.3464295004752403,True
926,10903,0.7911288590130858,True
927,10904,1.1654412539511634,True
928,10905,1.275010097684678,True
929,10906,3.0072540795723586,True
930,10907,1.514849750929638,True
931,10908,1.4868906836744942,True
932,10909,1.354146283021504,True
933,10910,1.2946500077523275,True
934,10911,0.9655422500781374,True
935,10912,0.5689169281421924,True
936,10913,0.2643116128444227,True
937,10914,-0.1902133343689392,True
938,10915,-0.6270594525492501,True
939,10916,-0.9830887683747164,True
940,10917,-1.262478675625804,False
941,10918,-1.4408178792808062,False
942,10919,-1.426517441009323,False
943,10920,-1.363677973524232,False
944,10921,-2.7710830458663205,False
945,10922,-2.8809165812554194,True
946,10923,-0.957655808937666,True
947,10924,-0.6675991488426536,False
948,10925,-0.3226038466846346,False
949,10926,0.0543308340474206,True
950,10927,0.3494691680766858,True
951,10928,0.7461851611244339,True
952,10929,1.0951588208722352,True
953,10930,1.3882566352887382,True
954,10931,1.310146021595617,True
955,10932,1.5421449577805044,True
956,10933,1.5123716222090242,True
957,10934,1.4525102163453134,True
958,10935,1.1664006327838323,True
959,10936,0.8460516378195369,True
960,10937,0.536583404658989,True
961,10938,0.2096611620972294,True
962,10939,-0.1130641061866497,True
963,10940,-0.6315053444331737,True
964,10941,-2.450174382165417,True
965,10942,-1.1264834302089402,True
966,10943,-1.282273742917404,False
967,10944,-2.9050109538063715,False
968,10945,-1.4456932578848902,True
969,10946,-1.4741477571881896,False
970,10947,-1.366394823024789,False
971,10948,-0.9570375696270348,False
972,10949,-0.7898497267883343,False
973,10950,-0.2412483104493676,False
974,10951,0.0209141713692767,True
975,10952,0.3431921287733561,True
976,10953,0.7531420944261229,True
977,10954,1.0252298809172022,True
978,10955,1.3844432322931923,True
979,10956,1.4571259420141285,True
980,10957,1.4505190385973268,True
981,10958,1.534446795266759,True
982,10959,1.3708005841128716,True
983,10960,1.1942832989234933,True
984,10961,0.8898866892453711,True
985,10962,0.6695103475139268,True
986,10963,0.1930850222720077,True
987,10964,-0.1954406519576047,True
988,10965,-0.5585463109583158,True
989,10966,-0.8375931520346792,True
990,10967,-1.0522538707959797,True
991,10968,-1.3919595728574796,False
992,10969,-1.40015497711488,False
993,10970,-1.4593396521919204,False
994,10971,-1.537452747319502,False
995,10972,-1.2450497597720849,False
996,10973,-0.9997141296467352,False
997,10974,-0.6930293545759456,False
998,10975,-0.361405816474799,True
999,10976,-0.0781342200926913,True
1000,10977,0.2898170721747011,True
1001,10978,0.693667236332601,True
1002,10979,2.669061698773209,True
1003,10980,1.227195356592154,True
1004,10981,3.071165459907321,True
1005,10982,1.5097278537417154,True
1006,10983,1.4829923231755768,True
1007,10984,1.317639770407424,True
1008,10985,1.0896171222287738,True
1009,10986,0.8860979565330063,True
1010,10987,0.4337094899699978,True
1011,10988,0.1634475823638079,True
1012,10989,-0.2030069632248799,True
1013,10990,-0.5169458220067229,True
1014,10991,-0.7709234301450835,True
1015,10992,-1.1302504599475065,True
1016,10993,-1.3171543466087154,False
1017,10994,-1.4738428286209415,False
1018,10995,-2.918686710497812,False
1019,10996,-1.468252828139834,True
1020,10997,-1.183897232856656,False
1021,10998,-1.1283733114340853,False
1022,10999,-0.6702740649081314,False
1023,11000,-0.6110444535476752,True
1024,11001,0.1013490830706928,True
1025,11002,0.3469085455594299,True
1026,11003,0.7179654543583831,True
1027,11004,1.0406888225191058,True
1028,11005,1.237545440792677,True
1029,11006,1.3051797199531057,True
1030,11007,1.2942235107006523,True
1031,11008,1.4379449772938293,True
1032,11009,1.280535033872665,True
1033,11010,1.189501167695902,True
1034,11011,0.8691187995878158,True
1035,11012,0.4857899334229747,True
1036,11013,0.1935517545449441,True
1037,11014,-0.0449328677731412,True
1038,11015,-0.4771812949476394,True
1039,11016,-0.8837958839805353,True
1040,11017,-1.025411917860399,True
1041,11018,-1.2839181923050196,False
1042,11019,-1.440988564522484,False
1043,11020,-1.4276715636843569,False
1044,11021,-1.531274766441855,False
1045,11022,-1.148846369787511,False
1046,11023,-2.560840962611202,False
1047,11024,-0.6823006768628977,True
1048,11025,-0.4457373379523813,True
1049,11026,-0.1173915983322739,True
1050,11027,0.2694331713542583,True
1051,11028,0.663692672116222,True
1052,11029,1.0164683307768536,True
1053,11030,1.3054670105256116,True
1054,11031,1.4963102212468868,True
1055,11032,1.4656558522400336,True
1056,11033,1.4866003191158657,True
1057,11034,1.4266727091962783,True
1058,11035,1.1968807322542556,True
1059,11036,0.8492710947121602,True
1060,11037,0.4761847702509761,True
1061,11038,0.1674985842890213,True
1062,11039,-0.2918269937560047,True
1063,11040,-2.24810677931037,True
1064,11041,-0.8739033374250723,True
1065,11042,-1.1893221387259252,True
1066,11043,-1.421423814536837,False
1067,11044,-1.4823865780796328,False
1068,11045,-1.3442424304318272,False
1069,11046,-1.577186836000144,False
1070,11047,-1.3006958153021329,False
1071,11048,-1.1645035765587337,False
1072,11049,-0.6579414070212518,False
1073,11050,-0.41844707175556,True
1074,11051,-0.0589475548241324,True
1075,11052,-2.9473614499952854,True
1076,11053,0.7701175193131949,True
1077,11054,1.0240410437315126,True
1078,11055,1.3066524649770064,True
1079,11056,1.5425216377094446,True
1080,11057,1.4820055124726768,True
1081,11058,1.4217499481460685,True
1082,11059,1.450122071975402,True
1083,11060,1.2178348090683322,True
1084,11061,0.951220392170936,True
1085,11062,0.7851930286695942,True
1086,11063,0.2290817454824855,True
1087,11064,-0.1689798476596687,True
1088,11065,-0.5075690336954404,True
1089,11066,-0.8200638736530756,True
1090,11067,-2.7254082018479293,True
1091,11068,-1.34265607427325,True
1092,11069,-1.5420893542800442,False
1093,11070,-1.5759486916811882,False
1094,11071,-1.2528399429986696,False
1095,11072,-1.2164167991017796,False
1096,11073,-1.076483414362365,False
1097,11074,1.9203477603563823,False
1098,11075,-0.2881619845258549,True
1099,11076,-0.0426140313767377,True
1100,11077,0.2051139279174861,True
1101,11078,0.8074303725383063,True
1102,11079,1.0318222298416255,True
1103,11080,-2.5293719748150827,True
1104,11081,1.4241528080457049,True
1105,11082,1.5053260509242292,True
1106,11083,1.5760667472060916,True
1107,11084,1.417345975672087,True
1108,11085,2.844343700932259,True
1109,11086,2.4599515530746245,True
1110,11087,0.6663191938160403,True
1111,11088,0.2208569642655199,True
1112,11089,-0.2639466310707449,True
1113,11090,-0.4959677509185149,True
1114,11091,-0.8286071576565255,True
1115,11092,-1.0896600389894022,True
1116,11093,-1.4458444303821982,False
1117,11094,-1.6425333001386724,False
1118,11095,-1.493346571518305,True
1119,11096,-1.504610208549856,False
1120,11097,-1.1621741060364843,False
1121,11098,-1.0639438597075717,False
1122,11099,-0.7505990748894618,False
1123,11100,-0.3836604204859567,False
1124,11101,-0.1048240724537211,True
1125,11102,0.5127836197388237,True
1126,11103,0.6616355326701235,True
1127,11104,1.0636297492516775,True
1128,11105,1.3070545525979982,True
1129,11106,1.3567474127034411,True
1130,11107,1.601868868314238,True
1131,11108,1.4002048988847635,True
1132,11109,1.3794999534173702,True
1133,11110,1.3539459144807335,True
1134,11111,2.4457826904935067,True
1135,11112,0.6132383407798252,True
1136,11113,0.2308609906469017,True
1137,11114,-0.2520062439870213,True
1138,11115,-0.4052289856178889,True
1139,11116,-0.8654596014456798,True
1140,11117,-1.0310046762586058,True
1141,11118,-1.434484205936443,False
1142,11119,-1.416202634937964,False
1143,11120,-1.4159623557267766,False
1144,11121,-1.3251416422574338,False
1145,11122,-1.4023084935895933,False
1146,11123,-1.0889868046125255,False
1147,11124,-2.22961158140782,False
1148,11125,-0.2658831519739278,True
1149,11126,0.0094849393671824,True
1150,11127,0.3811417001323371,True
1151,11128,0.7900516134511137,True
1152,11129,0.9614272133366052,True
1153,11130,3.0337311733012324,True
1154,11131,1.3544386864471076,True
1155,11132,1.5437403233612934,True
1156,11133,1.511749417146094,True
1157,11134,1.2754285702947592,True
1158,11135,1.2787911903224085,True
1159,11136,-2.574837027682709,True
1160,11137,2.1580907652326142,True
1161,11138,0.2703362214600663,False
1162,11139,-0.1868017702389817,True
1163,11140,-0.507969966084787,True
1164,11141,-0.8874983114914621,True
1165,11142,-1.1166545294345211,True
1166,11143,-1.4401093684806336,False
1167,11144,-1.3597364261589235,False
1168,11145,-1.5005661288034609,False
1169,11146,-1.377926231372196,False
1170,11147,-1.4166038069272255,False
1171,11148,-1.1431987607669964,False
1172,11149,-0.7084474591468384,False
1173,11150,-0.323156028343315,True
1174,11151,0.0395871855256453,True
1175,11152,0.3958186027312599,True
1176,11153,0.8347236745107636,True
1177,11154,1.0423911826010055,True
1178,11155,1.2220853422553055,True
1179,11156,1.396819407203433,True
1180,11157,1.3167400630422212,True
1181,11158,1.4325130433159368,True
1182,11159,1.2416786629483276,True
1183,11160,1.1916964991225572,True
1184,11161,0.9563332010793996,True
1185,11162,0.4766571824894616,True
1186,11163,0.1919140610163659,True
1187,11164,-0.1826467628893011,True
1188,11165,-0.5045057483287796,True
1189,11166,-0.92542048413134,True
1190,11167,-1.1759751407533297,False
1191,11168,-1.3282131246659177,False
1192,11169,-1.374364427712223,False
1193,11170,-1.5757103300863426,False
1194,11171,-1.5653350017525598,False
1195,11172,-1.2779177358060978,False
1196,11173,-0.95227249763787,False
1197,11174,-0.6805313726131406,False
1198,11175,-0.4523307913292896,True
1199,11176,1.913035213429687,True
1200,11177,0.4103662900629118,True
1201,11178,0.7618106304318926,True
1202,11179,0.9932907955086064,True
1203,11180,1.3567638895561611,True
1204,11181,1.531802352911961,True
1205,11182,1.368225783390384,True
1206,11183,1.4700964527325693,True
1207,11184,1.2974356863785783,True
1208,11185,1.0643844277696513,True
1209,11186,0.7629680777606238,True
1210,11187,0.6108832907202745,True
1211,11188,0.1448459835673837,True
1212,11189,-0.1957816360831384,True
1213,11190,-0.4760139981632881,True
1214,11191,-0.9870197097972566,True
1215,11192,-1.229390411815395,False
1216,11193,-1.1890012968232575,False
1217,11194,-1.5458120718953057,False
1218,11195,-1.5188881281436426,False
1219,11196,-1.5025638244292394,False
1220,11197,-1.203413649536194,False
1221,11198,-1.036357002693293,False
1222,11199,-0.5479628183233818,False
1223,11200,-0.3807133994925744,True
1224,11201,0.1121574721105155,True
1225,11202,1.9862920766141263,True
1226,11203,0.6303649807506445,True
1227,11204,0.9981909737245728,True
1228,11205,1.377542049998144,True
1229,11206,1.4665769102298578,True
1230,11207,1.4798057979416974,True
1231,11208,1.3933136126489596,True
1232,11209,2.9654119227313904,True
1233,11210,1.1167720733334827,True
1234,11211,0.9107443286517672,True
1235,11212,0.415394832953063,True
1236,11213,0.1690632650096893,True
1237,11214,-0.2445416467898014,True
1238,11215,-0.4307957980489518,True
1239,11216,-0.9024169558513808,True
1240,11217,-1.1944913828349135,True
1241,11218,-2.861116363967401,False
1242,11219,-1.4878440731411675,True
1243,11220,-1.5353842821611647,False
1244,11221,-1.390038193196129,False
1245,11222,-1.3448441284614665,False
1246,11223,-1.1574665929945929,False
1247,11224,-0.6185509229128712,False
1248,11225,-0.4453965268412777,True
1249,11226,-0.0442483333681413,True
1250,11227,0.3511794771964533,True
1251,11228,-2.891783384421619,True
1252,11229,2.587575973848024,True
1253,11230,1.3136363231916068,True
1254,11231,1.4906374640337974,True
1255,11232,1.4653578792524025,True
1256,11233,1.402345433498081,True
1257,11234,1.2938463308577712,True
1258,11235,1.2771107783418223,True
1259,11236,-1.857588605706141,True
1260,11237,0.5935538542353646,True
1261,11238,0.1880474971629218,True
1262,11239,-0.2061216260637167,True
1263,11240,-2.243117525513937,True
1264,11241,-0.8606767087624847,True
1265,11242,-1.1807494030893122,True
1266,11243,-2.961543526001807,False
1267,11244,-1.553973333461507,True
1268,11245,-1.4832857045001064,False
1269,11246,-1.5071958641594458,False
1270,11247,-1.2766731980571873,False
1271,11248,-1.120894259304263,False
1272,11249,-0.5964335416056867,False
1273,11250,-0.4777854060278352,True
1274,11251,0.025756121155558,True
1275,11252,0.3563312622934635,True
1276,11253,0.6439630381195227,True
1277,11254,1.1327925460366357,True
1278,11255,1.1613217018645876,True
1279,11256,1.4154266295981577,True
1280,11257,1.5263513073786903,True
1281,11258,1.5122968351891388,True
1282,11259,1.2933064687269584,True
1283,11260,1.10873529517929,True
1284,11261,0.964882974645134,True
1285,11262,0.5451019314791272,True
1286,11263,0.143098434972056,True
1287,11264,-1.855113742380247,True
1288,11265,-0.5793074281803241,True
1289,11266,-0.9362808731804576,True
1290,11267,-2.8719975935148243,False
1291,11268,-1.32740674449302,True
1292,11269,-1.558568377601064,False
1293,11270,-1.505817577099034,False
1294,11271,-1.424818992278159,False
1295,11272,-1.377848871337532,False
1296,11273,-1.1460541431150335,False
1297,11274,-0.632738833352038,False
1298,11275,-0.3798316642679649,True
1299,11276,-0.0501009363100504,True
1300,11277,0.3193932356366642,True
1301,11278,0.7427809026981388,True
1302,11279,0.9196874032364304,True
1303,11280,1.3042464396710354,True
1304,11281,1.4350056235437243,True
1305,11282,1.442679727150407,True
1306,11283,1.5440950158034503,True
1307,11284,1.362761925728369,True
1308,11285,2.775827314295189,True
1309,11286,0.8355896722083453,True
1310,11287,0.653293367506815,True
1311,11288,0.1334301713331102,True
1312,11289,-0.121701150378337,True
1313,11290,-0.4705547183245853,True
1314,11291,-0.7548011215873515,True
1315,11292,-1.2078103339145674,True
1316,11293,-1.4000311143145303,False
1317,11294,-1.321298508122755,False
1318,11295,-2.990497222484362,False
1319,11296,-1.3820856196682811,True
1320,11297,-1.1900648393467128,False
1321,11298,-0.9582270516529492,False
1322,11299,-0.7025741737948119,False
1323,11300,-0.3147261917134606,True
1324,11301,0.0041053322323103,True
1325,11302,0.529887038367625,True
1326,11303,0.6987272127358068,True
1327,11304,1.0483315851536197,True
1328,11305,1.2308228189845936,True
1329,11306,1.2828345159824095,True
1330,11307,1.3765431566860091,True
1331,11308,1.407870124317966,True
1332,11309,1.3717799500170398,True
1333,11310,1.1166385937999987,True
1334,11311,0.8392330984085725,True
1335,11312,0.5199440218813255,True
1336,11313,0.1253039901401959,True
1337,11314,-0.2823306252856868,True
1338,11315,-0.5612030533114984,True
1339,11316,-0.9617330997908002,True
1340,11317,-1.2258959712132895,False
1341,11318,-1.4274984684681575,False
1342,11319,-1.547692905336209,False
1343,11320,-3.0441266203237625,False
1344,11321,-1.389661873469255,True
1345,11322,-1.2117181368598156,False
1346,11323,-0.9920368865189212,False
1347,11324,-0.7356910448523561,False
1348,11325,-0.2696469274233593,False
1349,11326,-0.0559650420300365,True
1350,11327,0.3670783020402525,True
1351,11328,0.6370845053484939,True
1352,11329,1.0326797691236091,True
1353,11330,1.4051951037796515,True
1354,11331,1.5882482570580951,True
1355,11332,1.5988608265522115,True
1356,11333,1.5470449424299215,True
1357,11334,1.4588297623804165,True
1358,11335,-2.190301116517465,True
1359,11336,2.465381318578949,True
1360,11337,0.5820237237096296,True
1361,11338,0.1138315502394606,True
1362,11339,-0.2079656787425429,True
1363,11340,-0.5057527067529582,True
1364,11341,-0.8654270932815519,True
1365,11342,-1.1501387907208451,True
1366,11343,-1.268416587658843,False
1367,11344,-1.4249210580980431,False
1368,11345,-1.449473565631254,False
1369,11346,-1.4386970600984517,False
1370,11347,-1.3913252501838926,False
1371,11348,-1.124598487221064,False
1372,11349,-0.7355709966051258,False
1373,11350,-0.3509787304825625,False
1374,11351,0.0087589860731134,True
1375,11352,0.2989069163291362,True
1376,11353,0.8688948397543081,True
1377,11354,0.9480185700212668,True
1378,11355,1.35054141747431,True
1379,11356,1.3519470404450376,True
1380,11357,1.6035578785016271,True
1381,11358,1.3032714350715764,True
1382,11359,1.3100576843046534,True
1383,11360,2.689167921375554,True
1384,11361,0.9844695631504524,True
1385,11362,0.6168880916597032,True
1386,11363,0.1440314356218925,True
1387,11364,-0.0606164737824838,True
1388,11365,-0.5590112452113707,True
1389,11366,-0.8175631006105762,True
1390,11367,-1.185863636125327,True
1391,11368,-1.3465658710664288,False
1392,11369,-1.5371771481138092,False
1393,11370,-1.495967319110959,False
1394,11371,-1.5051684757679622,False
1395,11372,-1.17222144795375,False
1396,11373,-1.069672872012025,False
1397,11374,-0.6181495638418626,False
1398,11375,-0.4433768634493789,True
1399,11376,0.0837492949324999,True
1400,11377,0.319432354204091,True
1401,11378,0.7744062970567003,True
1402,11379,1.0120436272746671,True
1403,11380,1.2792242903731637,True
1404,11381,1.4770992984285738,True
1405,11382,1.4425397786859817,True
1406,11383,1.3155238501171511,True
1407,11384,1.4445765388625276,True
1408,11385,1.039865239756952,True
1409,11386,0.912947434065056,True
1410,11387,2.115243511586798,True
1411,11388,0.183319738515019,True
1412,11389,-0.1856662557419847,True
1413,11390,-0.3675050923845917,True
1414,11391,-0.9611864423190252,True
1415,11392,-1.130439578934359,False
1416,11393,-1.3826420982239611,False
1417,11394,-2.912121150110237,False
1418,11395,-1.5209033962924967,True
1419,11396,-1.3704131179716204,False
1420,11397,-1.3390482293224304,False
1421,11398,-0.9873469031709424,False
1422,11399,-2.2610901692038325,False
1423,11400,-0.4433016188505292,True
1424,11401,3.1946639991455514,True
1425,11402,0.3212243294375738,True
1426,11403,0.6828708084462856,True
1427,11404,1.0020970115946832,True
1428,11405,1.280290038139929,True
1429,11406,1.403650577135012,True
1430,11407,1.4436135943520194,True
1431,11408,1.479897044016554,True
1432,11409,1.3838173785400527,True
1433,11410,1.1727857359138405,True
1434,11411,0.9384660774850768,True
1435,11412,0.5460662349564317,True
1436,11413,0.2440460705156646,True
1437,11414,-0.1903436062373903,True
1438,11415,-0.4268798955488685,True
1439,11416,-0.8715971639393203,True
1440,11417,-1.1875284249058942,True
1441,11418,-1.3681899487897315,False
1442,11419,-1.4151907545316684,False
1443,11420,-2.973706965477615,False
1444,11421,1.824175536175292,True
1445,11422,-1.135693520976248,True
1446,11423,-1.0302832408074996,False
1447,11424,-0.7784539215255518,False
1448,11425,-0.2955242254034919,False
1449,11426,0.0158347678162234,True
1450,11427,0.2492666281429756,True
1451,11428,0.6380071045857373,True
1452,11429,2.541065671019737,True
1453,11430,1.384025791035024,True
1454,11431,1.4251047215590418,True
1455,11432,1.5299570803639178,True
1456,11433,1.5296211011628538,True
1457,11434,1.3685675088000198,True
1458,11435,1.1752448038026049,True
1459,11436,0.8719688766789453,True
1460,11437,0.5398919035818002,True
1461,11438,0.2145091808212229,True
1462,11439,-0.1798214325048887,True
1463,11440,-0.4867977048707885,True
1464,11441,-0.6883549554863411,True
1465,11442,-1.1465841466452344,True
1466,11443,-1.3243175931374618,False
1467,11444,-1.3665171140428858,False
1468,11445,-1.6261304027224153,False
1469,11446,2.0056861642519,True
1470,11447,-1.2644908134011872,True
1471,11448,-0.9482234618083404,False
1472,11449,3.073863535601859,False
1473,11450,-0.2882656842510294,True
1474,11451,0.022862519146981,True
1475,11452,0.4225968395826568,True
1476,11453,2.338066464466495,True
1477,11454,0.9438377192152668,True
1478,11455,1.3092771102407312,True
1479,11456,2.8365295502909524,True
1480,11457,1.7329427649197144,True
1481,11458,2.917438551849996,True
1482,11459,1.4715180975688902,True
1483,11460,1.0406100370383438,True
1484,11461,0.887389874800413,True
1485,11462,0.60579393240986,True
1486,11463,-2.106587611044408,True
1487,11464,-0.2035111975389267,True
1488,11465,-0.5483360218745887,True
1489,11466,-0.9175376239421223,True
1490,11467,-1.0145111133185951,False
1491,11468,-1.2652787808609909,False
1492,11469,-1.3577312956621612,False
1493,11470,-1.5376245687561043,False
1494,11471,-1.4304907425441438,False
1495,11472,-1.2187905490627866,False
1496,11473,2.3707824538247517,False
1497,11474,-0.7293174804765435,True
1498,11475,-0.453284199410215,True
1499,11476,0.0252469868940782,True
1500,11477,0.4079997393008975,True
1501,11478,0.648798842165671,True
1502,11479,1.1243752975997243,True
1503,11480,1.289335607521627,True
1504,11481,1.410605585020608,True
1505,11482,1.4386399559501974,True
1506,11483,1.4988714493159556,True
1507,11484,-1.7581793299538615,True
1508,11485,1.0468247736031986,True
1509,11486,0.8841125053407308,True
1510,11487,0.6181954188029384,True
1511,11488,0.2974534911204249,True
1512,11489,-0.2486307051129379,True
1513,11490,-0.4745802399812957,True
1514,11491,-0.8099520078520657,True
1515,11492,-1.0630631438736176,True
1516,11493,-1.3672294336817594,False
1517,11494,-1.463104608869326,False
1518,11495,-1.5398628267716188,False
1519,11496,-1.4851084631962157,False
1520,11497,1.8204889994539932,False
1521,11498,-2.5743469212515957,True
1522,11499,-0.7907630032968289,True
1523,11500,-0.2719126113748119,False
1524,11501,0.0565679359497259,True
1525,11502,0.4654643060984491,True
1526,11503,0.6634269346244266,True
1527,11504,1.0268868990401896,True
1528,11505,1.258924509777024,True
1529,11506,1.4487655914589197,True
1530,11507,1.5244935509647637,True
1531,11508,1.4399085336935675,True
1532,11509,1.3388588425601655,True
1533,11510,1.048390976332473,True
1534,11511,0.7362884615525378,True
1535,11512,0.5876006444919167,True
1536,11513,0.2931721511766946,True
1537,11514,-0.2184330629294674,True
1538,11515,-0.7162369096421273,True
1539,11516,-0.9621911097163652,True
1540,11517,-1.2611972958693047,False
1541,11518,-1.3370621191519243,False
1542,11519,-1.4189612390364204,False
1543,11520,2.4061834496761687,False
1544,11521,-1.3357289811943402,True
1545,11522,-1.2946872194002657,False
1546,11523,-1.0462230490993245,False
1547,11524,-0.6602695758930881,False
1548,11525,-1.980921427057403,True
1549,11526,-0.0035649436830225,True
1550,11527,0.3388976743839834,True
1551,11528,0.7526641071012502,True
1552,11529,1.0680100118605709,True
1553,11530,1.225119836295257,True
1554,11531,1.451509439492495,True
1555,11532,3.101521479650347,True
1556,11533,1.3062736479781334,True
1557,11534,1.4085747801215234,True
1558,11535,1.0948106132748878,True
1559,11536,0.8266577419251512,True
1560,11537,0.5191717483433609,True
1561,11538,0.2529626537933284,True
1562,11539,-0.2567752672354998,True
1563,11540,-0.4853101706826592,True
1564,11541,-0.7911706272402697,True
1565,11542,-1.1218964035749963,True
1566,11543,-1.3490585500702867,False
1567,11544,-1.55075372829051,False
1568,11545,-1.5333269193442791,False
1569,11546,-1.4336522562839111,False
1570,11547,-1.2478451646912097,False
1571,11548,-2.515433707503099,False
1572,11549,-0.81514854526391,True
1573,11550,-0.3297812071731988,False
1574,11551,-0.0122838108057365,True
1575,11552,0.4250023581068184,True
1576,11553,0.7391378487218956,True
1577,11554,0.9000324474909592,True
1578,11555,1.28505762543674,True
1579,11556,2.9605607311791333,True
1580,11557,-1.7280005845202482,True
1581,11558,1.5303421130051675,True
1582,11559,1.3820482576175237,True
1583,11560,1.0824683818400456,True
1584,11561,0.9251538632046472,True
1585,11562,0.595542026029312,True
1586,11563,0.1692693781510517,True
1587,11564,-0.1208102389064561,True
1588,11565,-0.491158177874401,True
1589,11566,-0.8174337231734813,True
1590,11567,-1.1163420549283662,True
1591,11568,-1.366685250480938,False
1592,11569,-1.3834896751392611,False
1593,11570,-1.538027592100289,False
1594,11571,-1.4181296982119678,False
1595,11572,-1.099918307582222,False
1596,11573,-0.8967496029888304,False
1597,11574,-0.7845463388459982,False
1598,11575,-0.46665697222244,False
1599,11576,-0.0385737756554077,True
1600,11577,0.4803802230630196,True
1601,11578,0.6996224405100933,True
1602,11579,0.9963479952175208,True
1603,11580,1.1260040335572112,True
1604,11581,1.3224298392330711,True
1605,11582,1.467131439961739,True
1606,11583,1.4292677828149674,True
1607,11584,1.4983609978261754,True
1608,11585,1.085693500076401,True
1609,11586,0.8969324543935442,True
1610,11587,0.4641790836709433,True
1611,11588,0.1110871515243509,True
1612,11589,-0.1541176105470715,True
1613,11590,-0.5965977791345656,True
1614,11591,-0.9222099886737716,True
1615,11592,-1.0579312068376845,False
1616,11593,-1.3492887871816135,False
1617,11594,-2.8580921701122985,False
1618,11595,-1.4847658111856206,True
1619,11596,-1.3816973174399132,False
1620,11597,-1.179433740718933,False
1621,11598,-1.0600866871287633,False
1622,11599,-0.7789597394491872,False
1623,11600,-0.4115776880857596,False
1624,11601,-0.092447724698404,True
1625,11602,0.424795295324556,True
1626,11603,0.6624965780417978,True
1627,11604,1.1259387499624955,True
1628,11605,1.3634740408047974,True
1629,11606,1.454400059146418,True
1630,11607,1.567487209015613,True
1631,11608,1.429771105102816,True
1632,11609,1.3480222902537176,True
1633,11610,1.124580369533981,True
1634,11611,0.9706774840889334,True
1635,11612,0.6796316234580331,True
1636,11613,0.1104532978284591,True
1637,11614,-0.1566193572761397,True
1638,11615,-0.6432360486350033,True
1639,11616,-0.8798159191859976,True
1640,11617,-1.0698172392617225,True
1641,11618,-1.5125346572637488,False
1642,11619,-1.5567563886288838,False
1643,11620,-1.519556062577402,False
1644,11621,-1.3870162308546314,False
1645,11622,-1.344776158532568,False
1646,11623,3.0937573460712118,False
1647,11624,-0.7098516616122006,True
1648,11625,-0.4840177295095315,True
1649,11626,1.7832535371402545,True
1650,11627,2.116685878138399,True
1651,11628,0.6485696193767378,False
1652,11629,1.157461494104029,True
1653,11630,1.1650385753997776,True
1654,11631,1.3597172774707291,True
1655,11632,1.5232886129316197,True
1656,11633,1.5291855009148725,True
1657,11634,1.3570047849418945,True
1658,11635,1.1853990965856456,True
1659,11636,2.3980215750639062,True
1660,11637,0.5851405949975478,True
1661,11638,0.0882351439749294,True
1662,11639,-0.1055738309524139,True
1663,11640,-0.5536515032356208,True
1664,11641,-0.7901000431108669,True
1665,11642,-1.1644395473345264,True
1666,11643,-1.443233672311493,False
1667,11644,-1.3309874111181308,False
1668,11645,-1.4624674580284416,False
1669,11646,-1.3777414176032334,False
1670,11647,-1.2556209112522991,False
1671,11648,-1.127325973948616,False
1672,11649,-0.8418694954922179,False
1673,11650,-0.2787440787372816,False
1674,11651,-0.1084279723887199,True
1675,11652,0.2772141023226837,True
1676,11653,0.6596913795928833,True
1677,11654,1.1074697084267409,True
1678,11655,1.4637561754529027,True
1679,11656,1.382868768517939,True
1680,11657,1.5569910932338291,True
1681,11658,1.4782942972755215,True
1682,11659,1.2912203696000253,True
1683,11660,2.753607917200464,True
1684,11661,0.8206450545676552,True
1685,11662,-2.3841463372670035,True
1686,11663,0.2572897171903974,True
1687,11664,1.808111342212724,True
1688,11665,-0.5622773094097989,True
1689,11666,-0.9478977211074632,True
1690,11667,-1.249971247905684,True
1691,11668,-1.2698590080498655,False
1692,11669,-1.5555150617052542,False
1693,11670,-1.515508432711878,False
1694,11671,-1.5784563950963195,False
1695,11672,-1.312763491157181,False
1696,11673,-1.0223807498633908,False
1697,11674,-0.6354444010590131,False
1698,11675,-0.2496542333427276,True
1699,11676,-0.1176094768178628,True
1700,11677,0.3044589790377366,True
1701,11678,0.6554370625380399,True
1702,11679,2.553306519603695,True
1703,11680,1.2305209135070116,True
1704,11681,2.896365563849227,True
1705,11682,1.6664493274559251,True
1706,11683,1.5448905467496892,True
1707,11684,1.4007118422333875,True
1708,11685,1.2182726840907827,True
1709,11686,0.8420324090692128,True
1710,11687,0.4750994746364195,True
1711,11688,0.2665820336853485,True
1712,11689,3.1729037331225625,True
1713,11690,-0.5081474684450903,True
1714,11691,-0.760688915281855,True
1715,11692,-2.8610540348033107,True
1716,11693,-1.369598609365906,True
1717,11694,-1.5041404342410964,False
1718,11695,-1.5058653573343372,False
1719,11696,-1.5452154949875,False
1720,11697,-1.302904763981191,False
1721,11698,-1.010492595906658,False
1722,11699,-0.7280013589720815,False
1723,11700,-0.3760840463959825,False
1724,11701,-0.0839398581404527,True
1725,11702,0.4292257084928489,True
1726,11703,0.8128955518137175,True
1727,11704,0.7785074667277601,True
1728,11705,1.322872410444074,True
1729,11706,1.2767374803186766,True
1730,11707,1.482607082809031,True
1731,11708,1.4263272565967218,True
1732,11709,1.507507518325648,True
1733,11710,1.2725112562919971,True
1734,11711,0.7612970281003054,True
1735,11712,0.4930944805365518,True
1736,11713,0.3402644349946868,True
1737,11714,-0.2870675904803125,True
1738,11715,-0.4270282135103154,True
1739,11716,-0.766382629524526,True
1740,11717,-1.1023172470420608,True
1741,11718,-2.9752489259518065,False
1742,11719,-1.540147860089169,True
1743,11720,2.6894766311749203,False
1744,11721,-1.4804527084834778,True
1745,11722,-1.302161295682113,False
1746,11723,-1.0468098741152572,False
1747,11724,-0.6248843394078716,False
1748,11725,-0.4017834732605703,True
1749,11726,-0.0237540591870797,True
1750,11727,0.3278733390048841,True
1751,11728,0.6607099894697948,True
1752,11729,1.0788263692676194,True
1753,11730,1.2306167419275436,True
1754,11731,1.454814205832493,True
1755,11732,1.5022531502674357,True
1756,11733,1.4982181840828392,True
1757,11734,1.2905100305280364,True
1758,11735,2.6191158366675253,True
1759,11736,0.8906536927819297,True
1760,11737,0.6055602475974482,True
1761,11738,-0.0263147294289876,True
1762,11739,-0.0234241502943158,True
1763,11740,-0.5978576623923249,True
1764,11741,-0.8408161984195599,True
1765,11742,1.9562100681521493,True
1766,11743,-1.2509239535105263,True
1767,11744,-1.401690701286204,False
1768,11745,-1.5826961189580468,False
1769,11746,-1.4282533835683813,True
1770,11747,-1.3041327962701814,False
1771,11748,-1.1084428318967343,False
1772,11749,3.1120150440806755,False
1773,11750,-0.3570049846101669,True
1774,11751,0.1011550772686122,True
1775,11752,0.4873570583689895,True
1776,11753,0.721623094723591,True
1777,11754,1.02588089618747,True
1778,11755,1.3563547081747318,True
1779,11756,1.243987395087859,True
1780,11757,1.5001429954782322,True
1781,11758,1.553654447600106,True
1782,11759,1.2870451317864855,True
1783,11760,1.1283864551987932,True
1784,11761,0.8711371874230558,True
1785,11762,0.5963754653933253,True
1786,11763,0.1206545522858398,True
1787,11764,-1.8225915668422952,True
1788,11765,-0.4935892952847538,True
1789,11766,-0.9540988352330828,True
1790,11767,-1.0892834398008209,False
1791,11768,-1.3172825143861415,False
1792,11769,-1.52337877681631,False
1793,11770,2.4927097695646654,False
1794,11771,-1.5024206414005798,True
1795,11772,-1.235482412675128,False
1796,11773,2.485746272855869,False
1797,11774,-2.352349917378364,True
1798,11775,-0.3277026776042077,True
1799,11776,2.4898818736624904,True
1800,11777,0.360808465463652,True
1801,11778,0.7149206447922766,True
1802,11779,0.9937475160796352,True
1803,11780,1.2455614403905124,True
1804,11781,1.397976124249289,True
1805,11782,1.4789829133256902,True
1806,11783,1.3782482215426946,True
1807,11784,1.472803967217575,True
1808,11785,1.161921502796951,True
1809,11786,0.7716543000783869,True
1810,11787,2.2048058013219025,True
1811,11788,0.1365748102030287,False
1812,11789,-0.2530584521023047,True
1813,11790,-0.5819105023173553,True
1814,11791,-0.9301083870748406,True
1815,11792,-1.1062914320573896,False
1816,11793,-1.287249982723976,False
1817,11794,-1.426779311463613,False
1818,11795,-1.3954238568944173,False
1819,11796,3.1654950439322747,False
1820,11797,-1.4601926995026293,True
1821,11798,-1.1142462887220588,False
1822,11799,-0.754176375513893,False
1823,11800,-0.3673912634614352,True
1824,11801,-0.0074232198080992,True
1825,11802,0.34118497607888,True
1826,11803,-2.9665769867181457,True
1827,11804,1.1014338881612864,True
1828,11805,1.334935889865755,True
1829,11806,1.46588497263196,True
1830,11807,1.4342342135729618,True
1831,11808,1.5315902774982215,True
1832,11809,1.4081134076258015,True
1833,11810,1.2432409566437532,True
1834,11811,0.9763958742278468,True
1835,11812,0.6250631811846532,True
1836,11813,0.193925978276006,True
1837,11814,-0.1947851449575323,True
1838,11815,-0.6587129979319433,True
1839,11816,-0.8760260798246684,True
1840,11817,-1.268196065515498,True
1841,11818,-1.3030465200777563,False
1842,11819,-1.4437435048492882,False
1843,11820,-1.54809891387025,False
1844,11821,-1.4042661603925108,False
1845,11822,-1.2199575778598626,False
1846,11823,-1.0190849568552685,False
1847,11824,-0.6761415298921443,False
1848,11825,-0.4187826318337672,True
1849,11826,0.002792463809668,True
1850,11827,0.5234485684998086,True
1851,11828,0.7401907715034354,True
1852,11829,1.1440613264028106,True
1853,11830,1.442833056596695,True
1854,11831,-2.141419329239598,True
1855,11832,1.623594717772821,True
1856,11833,1.3414753866584754,True
1857,11834,1.4620808337136628,True
1858,11835,1.1025482334209349,True
1859,11836,0.8221330448813617,True
1860,11837,0.7194537869426942,True
1861,11838,0.1964970791668792,True
1862,11839,-0.1981406642615944,True
1863,11840,-0.6865367976912062,True
1864,11841,-0.9665762872827032,True
1865,11842,-1.1532747121905769,False
1866,11843,-1.3026235889305913,False
1867,11844,-1.3403129173938204,False
1868,11845,-1.6025801813519749,False
1869,11846,-1.327995770089831,True
1870,11847,-1.3556966052129351,False
1871,11848,-0.977965418884606,False
1872,11849,-0.8417797930612365,False
1873,11850,-0.4658676511365583,False
1874,11851,-0.0368770979677578,True
1875,11852,-2.272961816813874,True
1876,11853,0.6556653634330536,True
1877,11854,0.9833607113366952,True
1878,11855,1.2347105882825924,True
1879,11856,1.3652932935513735,True
1880,11857,1.5020105495570246,True
1881,11858,1.476454284038702,True
1882,11859,1.3594250220933153,True
1883,11860,1.181170237486675,True
1884,11861,0.8550414972743202,True
1885,11862,0.6308149741201373,True
1886,11863,0.1491433659815244,True
1887,11864,-0.0443814268204366,True
1888,11865,-0.6100853543801228,True
1889,11866,-0.8647489232046225,True
1890,11867,-1.225341976902114,True
1891,11868,-1.3475759275736787,False
1892,11869,-1.4735100464393889,False
1893,11870,-1.457027025071767,False
1894,11871,-1.423352354777228,False
1895,11872,-1.2477801639136632,False
1896,11873,-1.214129969300065,False
1897,11874,-0.7241620647678823,False
1898,11875,-0.4023553248354487,False
1899,11876,0.0653448353539042,True
1900,11877,0.3323063687055801,True
1901,11878,0.7464694720710641,True
1902,11879,1.0850688500045316,True
1903,11880,2.896152770391037,True
1904,11881,1.4136673080710782,True
1905,11882,-3.1098872180035264,True
1906,11883,1.457324112612728,True
1907,11884,1.307961311393791,True
1908,11885,1.2972024631915091,True
1909,11886,0.6861543195119271,True
1910,11887,-2.398464226473918,True
1911,11888,0.1677873307235092,True
1912,11889,-0.0924643039901022,True
1913,11890,-0.5009889800013672,True
1914,11891,-0.8613319846493495,True
1915,11892,-1.1601695880338283,False
1916,11893,-1.3302466867525375,False
1917,11894,-1.3250427998383325,False
1918,11895,-1.6456754193846217,False
1919,11896,-1.4679831637771297,True
1920,11897,2.982890035378718,False
1921,11898,-1.0048085347497595,True
1922,11899,-0.7102829709305595,False
1923,11900,-0.3801197238689907,True
1924,11901,0.0419389973531383,True
1925,11902,1.962897111456869,True
1926,11903,0.8195935436963839,True
1927,11904,-1.884686766419935,True
1928,11905,2.9136051164833665,True
1929,11906,1.385635582213252,True
1930,11907,1.5610044171619872,True
1931,11908,1.4785572980478212,True
1932,11909,1.361245704433476,True
1933,11910,1.086069187857741,True
1934,11911,0.9856218998943616,True
1935,11912,0.5326476863302849,True
1936,11913,1.8737923000174888,True
1937,11914,-0.0653549088652484,True
1938,11915,2.8420256045718864,True
1939,11916,-0.7602899368114311,True
1940,11917,-1.0194342392560405,True
1941,11918,-1.205703053068755,False
1942,11919,-1.485280623258566,False
1943,11920,-1.4643344421612272,False
1944,11921,-1.5179223802899822,False
1945,11922,-1.2684636189243603,False
1946,11923,-2.5713266607507994,False
1947,11924,-0.7490919735562476,True
1948,11925,-0.3118672369121373,True
1949,11926,-0.0674250641735758,True
1950,11927,0.3706725827637617,True
1951,11928,0.8629527944192728,True
1952,11929,1.0659749528649536,True
1953,11930,1.2474548626283923,True
1954,11931,1.5009573358455952,True
1955,11932,1.5114278221016246,True
1956,11933,3.009894309996542,True
1957,11934,1.3415446240369224,True
1958,11935,1.125786570075475,True
1959,11936,0.8525449554172848,True
1960,11937,0.495356451073815,True
1961,11938,0.1685584748018107,True
1962,11939,-0.1309455283573563,True
1963,11940,-0.5463634173046359,True
1964,11941,-0.7798191659802862,True
1965,11942,-1.315297135392821,True
1966,11943,-2.813000140602157,False
1967,11944,-1.4271294947445408,True
1968,11945,-1.5945370123765152,False
1969,11946,-1.336716997378677,False
1970,11947,-1.316047994923015,False
1971,11948,2.149205934890496,False
1972,11949,-0.7808273108290817,False
1973,11950,-0.4683265524665312,False
1974,11951,-0.1045712896968804,True
1975,11952,0.1834065840842436,True
1976,11953,0.7476890936074135,True
1977,11954,1.090081047875221,True
1978,11955,2.6800313797833857,True
1979,11956,1.3909026492912957,True
1980,11957,1.5780333308328216,True
1981,11958,1.3785260764255258,True
1982,11959,1.3265705936960357,True
1983,11960,1.2521604466541596,True
1984,11961,0.8969111161834551,True
1985,11962,0.4976373114606661,True
1986,11963,0.0640304152734674,True
1987,11964,-0.1043731076673296,True
1988,11965,-0.4444590905169094,True
1989,11966,1.9018845271612368,True
1990,11967,-1.019779625246638,True
1991,11968,-1.351678581931803,False
1992,11969,-1.360747044005983,False
1993,11970,-1.4686745710821891,False
1994,11971,-1.4554705783149229,False
1995,11972,-1.224145230510317,False
1996,11973,-1.0627184688136877,False
1997,11974,-0.7882780389942403,False
1998,11975,-0.4683769420978282,True
1999,11976,-0.0357776209489375,True
