330,331,332,333,334,335,336,337,338,339
353,354,355,356,357,358,359,360,361,362,363,364
378,379
428,429,430,431,432,433,434,435,436,437,438,439
453,454,455,456,457,458,459,460,461,462,463,464
478,479,480,481,482,483,484,485,486,487,488,489
503
1135,1136,1137,1138,1139
1153,1154,1155,1156,1157,1158,1159,1160,1161,1162,1163,1164
1178,1179,1180,1181,1182,1183,1184
1553,1554,1555,1556,1557,1558,1559,1560,1561,1562,1563,1564
1578,1579,1580,1581,1582,1583,1584,1585,1586,1587,1588,1589
1628,1629,1630,1631,1632,1633,1634,1635,1636,1637,1638,1639
1653,1654,1655,1656,1657,1658,1659,1660,1661,1662,1663,1664
3028,3029,3030,3031,3032,3033,3034,3035,3036,3037,3038,3039
3053,3054,3055,3056,3057,3058,3059,3060,3061,3062,3063,3064
3578,3579,3580,3581,3582,3583,3584,3585,3586,3587,3588,3589
3603,3604,3605,3606,3607,3608,3609,3610,3611,3612,3613,3614
3628,3629,3630,3631,3632,3633,3634,3635,3636,3637,3638,3639
3653,3654,3655,3656,3657,3658,3659,3660,3661
3728,3729,3730,3731,3732,3733,3734,3735,3736,3737,3738,3739
3753,3754,3755,3756,3757,3758,3759,3760,3761,3762,3763,3764
